ImageID,EncodedPixels
1.2.276.0.7230010.3.1.4.8323329.5797.1517875190.762694,164457 102 921 104 920 104 920 104 920 104 920 104 920 104 920 105 919 127 897 128 896 128 896 128 896 128 896 128 896 128 896 129 895 159 865 160 864 160 864 160 864 160 864 160 864 160 864 161 863 167 857 168 856 168 856 168 856 168 856 168 856 168 856 169 855 183 841 184 840 184 840 184 840 184 840 184 840 184 839 185 833 191 832 192 832 192 832 192 832 192 832 192 832 192 832 193 831 199 825 200 824 200 824 200 824 200 824 200 824 200 824 201 823 207 817 208 816 208 816 208 816 208 816 208 816 208 817 208 822 208 817 208 816 208 816 208 816 208 816 208 816 208 816 208 816 208 816 208 816 208 816 208 816 208 816 208 816 208 816 209 815 89 14 112 809 88 16 112 808 88 16 112 808 88 16 112 808 88 16 112 808 88 16 112 808 88 16 112 809 86 18 112 814 66 46 104 809 64 48 104 808 64 48 104 808 64 48 104 808 64 48 104 808 64 48 104 808 64 48 104 808 64 49 104 807 64 63 96 801 64 64 96 800 64 64 96 800 64 64 96 800 64 64 96 800 64 64 96 800 64 64 96 800 63 66 95 800 49 102 73 800 48 104 72 800 48 104 72 800 48 104 72 800 48 104 72 800 48 104 72 800 48 104 72 801 46 106 71 815 18 158 33 816 16 160 32 816 16 160 32 816 16 160 32 816 16 160 32 816 16 160 32 816 16 160 32 817 14 162 31 1007 17 1008 16 1008 16 1008 16 1008 16 1008 16 1008 16 1009 14
1.2.276.0.7230010.3.1.4.8323329.5798.1517875190.796716,
1.2.276.0.7230010.3.1.4.8323329.5799.1517875190.806810,180601 54 969 56 968 56 968 56 968 56 968 56 968 56 967 57 961 63 960 64 960 64 960 64 960 64 960 64 960 64 959 66 952 86 937 88 936 88 936 88 936 88 936 88 936 88 937 88 942 88 937 88 936 88 936 88 936 88 936 88 936 88 937 87 951 73 952 72 952 72 952 72 952 72 952 72 952 72 953 71 975 49 976 48 976 48 976 48 976 48 976 48 976 48 977 47 1007 17 1008 16 1008 16 1008 16 1008 16 1008 16 1008 16 1009 14
